{"RB": {"name": "Rosenbrock", "w": 1, "methods": {"BH": {"name_long": "Basin-hopping", "num_runs": [1, 1, 1, 1, 1, 1, 1, 1, 1, 1, 1, 1, 1, 1, 1, 1, 1, 1, 1, 1], "nfev": [6815, 6694, 6858, 6930, 6253, 6498, 6870, 6685, 6731, 6734, 6794, 6907, 5550, 6602, 6536, 7037, 6438, 6230, 6773, 6996], "njev": [2109, 2080, 2124, 2131, 1934, 2000, 2129, 2069, 2069, 2083, 2114, 2116, 1763, 2058, 2044, 2191, 2020, 1934, 2108, 2169], "times": [0.46459874299762305, 0.4518265840015374, 0.46396188299695496, 0.4726097429957008, 0.43130165900220163, 0.4910930040059611, 0.46634157000517007, 0.4523935549950693, 0.4602526609960478, 0.4585716709989356, 0.46037377801258117, 0.5027107770001749, 0.37821621701004915, 0.44777955400059, 0.44625172900850885, 0.47328901500441134, 0.4343322439963231, 0.4263675999973202, 0.45561107000685297, 0.47966060299950186], "metric_1": 1.0, "metric_2": 4354.4}, "DE": {"name_long": "Differential Evolution", "num_runs": [1, 1, 1, 1, 1, 1, 1, 1, 1, 1, 1, 1, 1, 1, 1, 1, 1, 1, 1, 1], "nfev": [3633, 3963, 3753, 3963, 3903, 3783, 3933, 3843, 3693, 3723, 3813, 3543, 3783, 3813, 3603, 3663, 3723, 3993, 3843, 4053], "njev": [0, 0, 0, 0, 0, 0, 0, 0, 0, 0, 0, 0, 0, 0, 0, 0, 0, 0, 0, 0], "times": [0.21438541500538122, 0.236639833994559, 0.22496071898785885, 0.2370744259969797, 0.23187581199454144, 0.22296127199660987, 0.23040874999423977, 0.23107745999004692, 0.21917935498640873, 0.22003766999114305, 0.22416585400060285, 0.20847346799564548, 0.22330675800913014, 0.22592473999247886, 0.2116002909897361, 0.21581666100246366, 0.21990573199582286, 0.23572755100030918, 0.225030429995968, 0.23811124499479774], "metric_1": 1.0, "metric_2": 1900.5}, "MS": {"name_long": "Multi-start", "num_runs": [1, 1, 1, 1, 1, 1, 1, 1, 1, 1, 1, 1, 1, 1, 1, 1, 1, 1, 1, 1], "nfev": [1968, 1851, 1561, 1799, 664, 2058, 1917, 1977, 584, 2066, 620, 370, 1617, 1824, 1206, 371, 62, 2053, 432, 1148], "njev": [1869, 1762, 1485, 1712, 632, 1959, 1823, 1878, 555, 1967, 590, 352, 1541, 1736, 1146, 352, 59, 1954, 411, 1094], "times": [0.16678766800032463, 0.15617250998911913, 0.13254127900290769, 0.1536992379988078, 0.05655854500946589, 0.17322067898930982, 0.16202601901022717, 0.1680343769985484, 0.04937847700784914, 0.17478912000660785, 0.05267544799426105, 0.031214582995744422, 0.13657755199528765, 0.15472266099823173, 0.10197095001058187, 0.031566820995067246, 0.004819877998670563, 0.17343907699978445, 0.03650959799415432, 0.0972385770000983], "metric_1": 1.0, "metric_2": 1275.625}, "SA": {"name_long": "Simulated Annealing", "num_runs": [1, 1, 1, 1, 1, 1, 1, 1, 1, 1, 1, 1, 1, 1, 1, 1, 1, 1, 1, 1], "nfev": [489, 699, 413, 580, 735, 736, 574, 494, 537, 652, 738, 535, 691, 613, 658, 499, 572, 575, 531, 459], "njev": [189, 242, 166, 203, 246, 239, 207, 173, 194, 227, 265, 184, 223, 224, 232, 192, 202, 212, 196, 175], "times": [0.011682242009555921, 0.015660606004530564, 0.01019641499442514, 0.013603371000499465, 0.015842837005038746, 0.015801087996806018, 0.013109398001688533, 0.011370478008757345, 0.012529694999102503, 0.014383820001967251, 0.016805996012408286, 0.012110370997106656, 0.014532607994624414, 0.013890427988371812, 0.01480699000239838, 0.012174231000244617, 0.012815157999284565, 0.013405061006778851, 0.01232706599694211, 0.011176656000316143], "metric_1": 1.0, "metric_2": 399.275}}}, "GP": {"name": "Goldstein-Price", "w": 1, "methods": {"BH": {"name_long": "Basin-hopping", "num_runs": [1, 1, 1, 1, 1, 1, 1, 1, 1, 1, 1, 1, 1, 1, 1, 1, 1, 1, 1, 1], "nfev": [18699, 19958, 19203, 18829, 19558, 19394, 19686, 19355, 19359, 18008, 18582, 20413, 19014, 18932, 19707, 18488, 20323, 20915, 19128, 19396], "njev": [5920, 6343, 6052, 5988, 6194, 6132, 6253, 6147, 6137, 5686, 5876, 6462, 6012, 5984, 6237, 5826, 6433, 6617, 6069, 6125], "times": [1.2155044770042878, 1.2884457289910642, 1.244649054002366, 1.2213572080072481, 1.2638351209898246, 1.2595865510083968, 1.3022437799954787, 1.2529628860065714, 1.2583940159966005, 1.204776569007663, 1.2278015979973134, 1.3221432530117454, 1.2339233010134194, 1.2313126030057902, 1.2722284350020345, 1.2047589010035153, 1.3094126169889932, 1.3441770159988664, 1.2389667610113975, 1.2568234729988035], "metric_1": 1.0, "metric_2": 12736.0}, "DE": {"name_long": "Differential Evolution", "num_runs": [1, 1, 1, 1, 1, 1, 1, 1, 1, 1, 1, 1, 1, 1, 1, 1, 1, 1, 1, 1], "nfev": [999, 999, 1062, 969, 849, 909, 909, 939, 879, 912, 1029, 1179, 1059, 972, 969, 969, 879, 1029, 969, 969], "njev": [0, 0, 0, 0, 0, 0, 0, 0, 0, 0, 0, 0, 0, 0, 0, 0, 0, 0, 0, 0], "times": [0.06503618799615651, 0.06550700899970252, 0.06920813499891665, 0.062264449006761424, 0.055357229997753166, 0.058716397994430736, 0.058751514996401966, 0.05942947999574244, 0.05613995299790986, 0.05897758700302802, 0.06581084699428175, 0.07575905699923169, 0.06796488199324813, 0.06213050898804795, 0.06204412700026296, 0.061874801001977175, 0.056230161993880756, 0.0663629480113741, 0.061345712005277164, 0.06194359899382107], "metric_1": 1.0, "metric_2": 486.225}, "MS": {"name_long": "Multi-start", "num_runs": [1, 1, 1, 1, 1, 1, 1, 1, 1, 1, 1, 1, 1, 1, 1, 1, 1, 1, 1, 1], "nfev": [434, 1464, 188, 222, 1214, 2437, 466, 571, 93, 244, 247, 462, 435, 124, 188, 1711, 2183, 352, 249, 217], "njev": [407, 1392, 172, 204, 1151, 2326, 431, 538, 90, 225, 226, 444, 406, 111, 180, 1629, 2081, 322, 229, 197], "times": [0.050304648000746965, 0.17911299401021097, 0.020711175005999394, 0.026849727000808343, 0.14875477099849377, 0.29317155499302316, 0.05407938199641649, 0.06689489299606066, 0.011653748995740898, 0.028609956003492698, 0.029764172999421135, 0.05589522600348573, 0.0513521669927286, 0.01320272299926728, 0.02379239299625624, 0.2090030520048458, 0.2693475039995974, 0.03797147099976428, 0.028127273995778523, 0.025573291000910103], "metric_1": 1.0, "metric_2": 656.55}, "SA": {"name_long": "Simulated Annealing", "num_runs": [4, 1, 1, 3, 1, 1, 1, 1, 2, 1, 2, 1, 1, 1, 1, 2, 1, 1, 1, 1], "nfev": [2423, 602, 695, 1984, 686, 619, 677, 735, 1494, 454, 1223, 576, 776, 670, 854, 1358, 616, 576, 773, 618], "njev": [853, 256, 246, 724, 267, 212, 250, 242, 503, 159, 489, 209, 251, 326, 253, 471, 210, 191, 260, 216], "times": [0.11156344800838269, 0.031122742002480663, 0.03099068500159774, 0.09161376698466484, 0.03354920700076036, 0.027804330995422788, 0.03130703599890694, 0.03199754700472113, 0.06670899498567451, 0.02085807899129577, 0.0601825280173216, 0.026584930994431488, 0.03280981500574853, 0.03648633499688003, 0.03460224499576725, 0.060914094996405765, 0.02793558599660173, 0.02526234000106342, 0.03350844999658875, 0.027891853998880833], "metric_1": 1.4, "metric_2": 624.925}}}, "BR": {"name": "Branin", "w": 3, "methods": {"BH": {"name_long": "Basin-hopping", "num_runs": [6, 6, 7, 6, 5, 3, 7, 11, 9, 5, 11, 4, 4, 6, 3, 3, 3, 5, 4, 3], "nfev": [23366, 23751, 30897, 23681, 19112, 10750, 26311, 42599, 32463, 18712, 44956, 14448, 15522, 19428, 10764, 10847, 10785, 19791, 14376, 11904], "njev": [7625, 7745, 10008, 7738, 6247, 3528, 8599, 13912, 10653, 6122, 14642, 4740, 5074, 6424, 3532, 3556, 3535, 6461, 4720, 3888], "times": [1.5938651069882326, 1.6209521769778803, 2.0675558780058054, 1.6170813779899618, 1.3067931959958514, 0.7488383729942143, 1.807081092018052, 2.9139106510119746, 2.269546701980289, 1.302185812004609, 3.102104409990716, 1.0059324460162316, 1.0676217030122643, 1.3858186330035096, 0.7475128940131981, 0.7517297550075455, 0.7473589269939112, 1.356303394990391, 0.9994793219957501, 0.8163530959864147], "metric_1": 1.8499999999999999, "metric_2": 4693.433333333333}, "DE": {"name_long": "Differential Evolution", "num_runs": [8, 5, 8, 16, 4, 10, 7, 8, 10, 21, 7, 19, 6, 12, 8, 5, 9, 7, 10, 10], "nfev": [7662, 5229, 7872, 16104, 3753, 9753, 7293, 7782, 10140, 20553, 6360, 19221, 5724, 11748, 7842, 5079, 9411, 7203, 9900, 9594], "njev": [0, 0, 0, 0, 0, 0, 0, 0, 0, 0, 0, 0, 0, 0, 0, 0, 0, 0, 0, 0],